ID_ADMINISTRADO,COD_ADMINISTRADO,RAZON_SOCIAL,RAZON_SOCIAL_NORM,RUC,FECHA_ACTUALIZACION
106,NOM-MUNICIPALIDAD DISTRITAL DE SANTIAGO,MUNICIPALIDAD DISTRITAL DE SANTIAGO,MUNICIPALIDAD DISTRITAL DE SANTIAGO,,2026-09-04 16:34:18
107,NOM-MUNICIPALIDAD DISTRITAL DE LABERINTO,MUNICIPALIDAD DISTRITAL DE LABERINTO,MUNICIPALIDAD DISTRITAL DE LABERINTO,,2026-09-04 16:34:18
108,NOM-MUNICIPALIDAD DISTRITAL DE NVO CHIMBOTE,MUNICIPALIDAD DISTRITAL DE NVO CHIMBOTE,MUNICIPALIDAD DISTRITAL DE NVO CHIMBOTE,,2026-09-04 16:34:18
109,NOM-MUNICIPALIDAD DISTRITAL DE CHANCAY,MUNICIPALIDAD DISTRITAL DE CHANCAY,MUNICIPALIDAD DISTRITAL DE CHANCAY,,2026-09-04 16:34:18
110,NOM-MUNICIPALIDAD PROVINCIAL DE HUAYLAS,MUNICIPALIDAD PROVINCIAL DE HUAYLAS,MUNICIPALIDAD PROVINCIAL DE HUAYLAS,,2026-09-04 16:34:18
111,NOM-MUNICIPALIDAD PROVINCIAL DE HUAURA-HUACH,MUNICIPALIDAD PROVINCIAL DE HUAURA-HUACHO,MUNICIPALIDAD PROVINCIAL DE HUAURA-HUACHO,,2026-09-04 16:34:18
112,NOM-MINERA YANACOCHA S.R.L.,MINERA YANACOCHA S.R.L.,MINERA YANACOCHA S.R.L.,,2026-09-04 16:34:18
113,NOM-MUNICIPALIDAD PROVINCIAL DE TARATA,MUNICIPALIDAD PROVINCIAL DE TARATA,MUNICIPALIDAD PROVINCIAL DE TARATA,,2026-09-04 16:34:18
-1,ND,NO ESPECIFICADO,NO ESPECIFICADO,,2026-09-04 16:34:18
1,NOM-MUNICIPALIDAD DISTRITAL DE PARAMONGA,MUNICIPALIDAD DISTRITAL DE PARAMONGA,MUNICIPALIDAD DISTRITAL DE PARAMONGA,,2026-09-04 16:34:18
2,NOM-TRANS. SUPERTRUCK S.R.L.,TRANS. SUPERTRUCK S.R.L.,TRANS. SUPERTRUCK S.R.L.,,2026-09-04 16:34:18
3,NOM-SIERRA POLI S.A.C.,SIERRA POLI S.A.C.,SIERRA POLI S.A.C.,,2026-09-04 16:34:18
4,NOM-MUNICIPALIDAD PROVINCIAL DE BARRANCA,MUNICIPALIDAD PROVINCIAL DE BARRANCA,MUNICIPALIDAD PROVINCIAL DE BARRANCA,,2026-09-04 16:34:18
5,NOM-EMPRESA ADMINISTRADORA CERRO S.A.C.,EMPRESA ADMINISTRADORA CERRO S.A.C.,EMPRESA ADMINISTRADORA CERRO S.A.C.,,2026-09-04 16:34:18
6,NOM-ARUNTANI S.A.C.,ARUNTANI S.A.C.,ARUNTANI S.A.C.,,2026-09-04 16:34:18
7,NOM-MINISTERIO DE ENERGIA Y MINAS,MINISTERIO DE ENERGIA Y MINAS,MINISTERIO DE ENERGIA Y MINAS,,2026-09-04 16:34:18
8,NOM-PETROLEOS DEL PERU PETROPERU SA,PETROLEOS DEL PERU PETROPERU SA,PETROLEOS DEL PERU PETROPERU SA,,2026-09-04 16:34:18
9,NOM-MINERA CHINALCO PERU S.A.,MINERA CHINALCO PERÚ S.A.,MINERA CHINALCO PERU S.A.,,2026-09-04 16:34:18
10,NOM-MUNICIPALIDAD PROVINCIAL DE REQUENA,MUNICIPALIDAD PROVINCIAL DE REQUENA,MUNICIPALIDAD PROVINCIAL DE REQUENA,,2026-09-04 16:34:18
11,NOM-MUNICIPALIDAD DISTRITAL LA MATANZA,MUNICIPALIDAD DISTRITAL LA MATANZA,MUNICIPALIDAD DISTRITAL LA MATANZA,,2026-09-04 16:34:18
12,NOM-EMPRESA DE TRANSPORTE NACIONAL E INTERNA,EMPRESA DE TRANSPORTE NACIONAL E INTERNACIONAL ATB SRL,EMPRESA DE TRANSPORTE NACIONAL E INTERNACIONAL ATB SRL,,2026-09-04 16:34:18
13,NOM-EMP REG DE SERV PUBLICO DE ELECTRICIDAD,EMP REG DE SERV PUBLICO DE ELECTRICIDAD,EMP REG DE SERV PUBLICO DE ELECTRICIDAD,,2026-09-04 16:34:18
14,NOM-ERSA TRANSPORTES Y SERVICIOS SRL,ERSA TRANSPORTES Y SERVICIOS SRL,ERSA TRANSPORTES Y SERVICIOS SRL,,2026-09-04 16:34:18
15,NOM-COMPANIA MINERA SANTANDER SOCIEDAD ANONI,COMPAÑIA MINERA SANTANDER SOCIEDAD ANONIMA CERRADA,COMPANIA MINERA SANTANDER SOCIEDAD ANONIMA CERRADA,,2026-09-04 16:34:18
16,NOM-COMPANIA MINERA KOLPA S.A.,COMPAÑIA MINERA KOLPA S.A.,COMPANIA MINERA KOLPA S.A.,,2026-09-04 16:34:18
17,NOM-MUNICIPALIDAD PROVINCIAL DE PISCO,MUNICIPALIDAD PROVINCIAL DE PISCO,MUNICIPALIDAD PROVINCIAL DE PISCO,,2026-09-04 16:34:18
18,NOM-QUIMPAC S.A.,QUIMPAC S.A.,QUIMPAC S.A.,,2026-09-04 16:34:18
19,NOM-HORNOS ELECTRICOS PERUANOS S.A.,HORNOS ELECTRICOS PERUANOS S.A.,HORNOS ELECTRICOS PERUANOS S.A.,,2026-09-04 16:34:18
20,NOM-CORPORACION MINERA CENTAURO S.A.C.,CORPORACION MINERA CENTAURO S.A.C.,CORPORACION MINERA CENTAURO S.A.C.,,2026-09-04 16:34:18
21,NOM-MUNICIPALIDAD PROV. BELLAVISTA,MUNICIPALIDAD PROV. BELLAVISTA,MUNICIPALIDAD PROV. BELLAVISTA,,2026-09-04 16:34:18
22,NOM-MULTISERVICIOS PIRAMIDES DE ORO S.R.L.,MULTISERVICIOS PIRAMIDES DE ORO S.R.L.,MULTISERVICIOS PIRAMIDES DE ORO S.R.L.,,2026-09-04 16:34:18
23,NOM-ACTIVOS MINEROS S.A.C.,ACTIVOS MINEROS S.A.C.,ACTIVOS MINEROS S.A.C.,,2026-09-04 16:34:18
24,NOM-INTIGOLD MINING SOCIEDAD ANONIMA - INTIG,INTIGOLD MINING SOCIEDAD ANONIMA - INTIGOLD MINING S.A.,INTIGOLD MINING SOCIEDAD ANONIMA - INTIGOLD MINING S.A.,,2026-09-04 16:34:18
25,NOM-OPERADORES CONCENTRADOS PERUANOS S.A.C.,OPERADORES CONCENTRADOS PERUANOS S.A.C.,OPERADORES CONCENTRADOS PERUANOS S.A.C.,,2026-09-04 16:34:18
26,NOM-MUNICIPALIDAD DISTRITAL DE PUCALA,MUNICIPALIDAD DISTRITAL DE PUCALA,MUNICIPALIDAD DISTRITAL DE PUCALA,,2026-09-04 16:34:18
27,NOM-SOUTH AMERICA MINING INVESTMENTS S.A.C,SOUTH AMERICA MINING INVESTMENTS S.A.C,SOUTH AMERICA MINING INVESTMENTS S.A.C,,2026-09-04 16:34:18
28,NOM-COMBUSTIBLES DEL ORIENTE S.A.C,COMBUSTIBLES DEL ORIENTE S.A.C,COMBUSTIBLES DEL ORIENTE S.A.C,,2026-09-04 16:34:18
29,NOM-PLUSPETROL NORTE S.A.,PLUSPETROL NORTE S.A.,PLUSPETROL NORTE S.A.,,2026-09-04 16:34:18
30,NOM-MUNICIPALIDAD PROVINCIAL DEL SANTA,MUNICIPALIDAD PROVINCIAL DEL SANTA,MUNICIPALIDAD PROVINCIAL DEL SANTA,,2026-09-04 16:34:18
31,NOM-STATKRAFT PERU S.A.,STATKRAFT PERU S.A.,STATKRAFT PERU S.A.,,2026-09-04 16:34:18
32,NOM-MUNICIPALIDAD DISTRITAL DE ALEXANDER VON,MUNICIPALIDAD DISTRITAL DE ALEXANDER VON HUMBOLDT,MUNICIPALIDAD DISTRITAL DE ALEXANDER VON HUMBOLDT,,2026-09-04 16:34:18
33,NOM-RECUPERADA SOCIEDAD ANONIMA CERRADA - RE,RECUPERADA SOCIEDAD ANONIMA CERRADA - RECUPERADA S.A.C.,RECUPERADA SOCIEDAD ANONIMA CERRADA - RECUPERADA S.A.C.,,2026-09-04 16:34:18
34,NOM-MUNICIPALIDAD DISTRITAL DE NESHUYA,MUNICIPALIDAD DISTRITAL DE NESHUYA,MUNICIPALIDAD DISTRITAL DE NESHUYA,,2026-09-04 16:34:18
35,NOM-MUNICIPALIDAD DISTRITAL DE YUYAPICHIS,MUNICIPALIDAD DISTRITAL DE YUYAPICHIS,MUNICIPALIDAD DISTRITAL DE YUYAPICHIS,,2026-09-04 16:34:18
36,NOM-MAPLE GAS CORPORATION DEL PERU S.R.L. EN,MAPLE GAS CORPORATION DEL PERU S.R.L. EN LIQUIDACION,MAPLE GAS CORPORATION DEL PERU S.R.L. EN LIQUIDACION,,2026-09-04 16:34:18
37,NOM-MUNICIPALIDAD DISTRITAL DE CIUDAD ETEN;M,MUNICIPALIDAD DISTRITAL DE CIUDAD ETEN;MUNICIPALIDAD DISTRITAL DE MONSEFU;MUNICIPALIDAD DISTRITAL DE PIMENTEL;MUNICIPALIDAD DISTRITAL DEL PUERTO ETEN,MUNICIPALIDAD DISTRITAL DE CIUDAD ETEN;MUNICIPALIDAD DISTRITAL DE MONSEFU;MUNICIPALIDAD DISTRITAL DE PIMENTEL;MUNICIPALIDAD DISTRITAL DEL PUERTO ETEN,,2026-09-04 16:34:18
38,NOM-MUNICIPALIDAD PROVINCIAL DE LORETO NAUTA,MUNICIPALIDAD PROVINCIAL DE LORETO NAUTA,MUNICIPALIDAD PROVINCIAL DE LORETO NAUTA,,2026-09-04 16:34:18
39,NOM-MUNICIPALIDAD DISTRITAL DE MADRE DE DIOS,MUNICIPALIDAD DISTRITAL DE MADRE DE DIOS,MUNICIPALIDAD DISTRITAL DE MADRE DE DIOS,,2026-09-04 16:34:18
40,NOM-MUNICIPALIDAD DISTRITAL DE SAN CLEMENTE,MUNICIPALIDAD DISTRITAL DE SAN CLEMENTE,MUNICIPALIDAD DISTRITAL DE SAN CLEMENTE,,2026-09-04 16:34:18
41,NOM-MUNICIPALIDAD DISTRITAL DE POMALCA,MUNICIPALIDAD DISTRITAL DE POMALCA,MUNICIPALIDAD DISTRITAL DE POMALCA,,2026-09-04 16:34:18
42,NOM-MUNICIPALIDAD PROVINCIAL DE ALTO AMAZONA,MUNICIPALIDAD PROVINCIAL DE ALTO AMAZONAS,MUNICIPALIDAD PROVINCIAL DE ALTO AMAZONAS,,2026-09-04 16:34:18
43,NOM-MUNICIPALIDAD DISTRITAL PILLUANA,MUNICIPALIDAD DISTRITAL PILLUANA,MUNICIPALIDAD DISTRITAL PILLUANA,,2026-09-04 16:34:18
44,NOM-MUNICIPALIDAD DISTRITAL DE LAREDO,MUNICIPALIDAD DISTRITAL DE LAREDO,MUNICIPALIDAD DISTRITAL DE LAREDO,,2026-09-04 16:34:18
45,NOM-MUNICIPALIDAD PROVINCIAL DE CHEPEN,MUNICIPALIDAD PROVINCIAL DE CHEPEN,MUNICIPALIDAD PROVINCIAL DE CHEPEN,,2026-09-04 16:34:18
46,NOM-CIA MINERA SANTA INES Y MOROCOCHA S A,CIA MINERA SANTA INES Y MOROCOCHA S A,CIA MINERA SANTA INES Y MOROCOCHA S A,,2026-09-04 16:34:18
47,NOM-ANABI S.A.C.,ANABI S.A.C.,ANABI S.A.C.,,2026-09-04 16:34:18
48,NOM-EMPRESA DE GENERACION ELECTRICA RIO BANO,EMPRESA DE GENERACION ELECTRICA RIO BAÑOS SAC,EMPRESA DE GENERACION ELECTRICA RIO BANOS SAC,,2026-09-04 16:34:18
49,NOM-MUNICIPALIDAD DISTRITAL DE CAINARACHI,MUNICIPALIDAD DISTRITAL DE CAINARACHI,MUNICIPALIDAD DISTRITAL DE CAINARACHI,,2026-09-04 16:34:18
50,NOM-CORPORACION MEGALUZ S.A.C.,CORPORACION MEGALUZ S.A.C.,CORPORACION MEGALUZ S.A.C.,,2026-09-04 16:34:18
51,NOM-MUNICIPALIDAD PROVINCIAL TARMA,MUNICIPALIDAD PROVINCIAL TARMA,MUNICIPALIDAD PROVINCIAL TARMA,,2026-09-04 16:34:18
52,NOM-MUNICIPALIDAD PROVINCIAL DE VIRU,MUNICIPALIDAD PROVINCIAL DE VIRU,MUNICIPALIDAD PROVINCIAL DE VIRU,,2026-09-04 16:34:18
53,NOM-MUNICIPALIDAD DISTRITAL DE QUIRUVILCA,MUNICIPALIDAD DISTRITAL DE QUIRUVILCA,MUNICIPALIDAD DISTRITAL DE QUIRUVILCA,,2026-09-04 16:34:18
54,NOM-MUNICIPALIDAD DISTRITAL DE PATAPO,MUNICIPALIDAD DISTRITAL DE PATAPO,MUNICIPALIDAD DISTRITAL DE PATAPO,,2026-09-04 16:34:18
55,NOM-PETRAMAS S.A.C.,PETRAMAS S.A.C.,PETRAMAS S.A.C.,,2026-09-04 16:34:18
56,NOM-MUNICIPALIDAD DISTRITAL DE CHOCOPE,MUNICIPALIDAD DISTRITAL DE CHOCOPE,MUNICIPALIDAD DISTRITAL DE CHOCOPE,,2026-09-04 16:34:18
57,NOM-MUNICIPALIDAD PROVINCIAL SANCHEZ CARRION,MUNICIPALIDAD PROVINCIAL SANCHEZ CARRION,MUNICIPALIDAD PROVINCIAL SANCHEZ CARRION,,2026-09-04 16:34:18
58,NOM-INTERNATIONAL DONKEY COMPANY SOCIEDAD AN,INTERNATIONAL DONKEY COMPANY SOCIEDAD ANONIMA CERRADA,INTERNATIONAL DONKEY COMPANY SOCIEDAD ANONIMA CERRADA,,2026-09-04 16:34:18
59,NOM-MUNICIPALIDAD PROVINCIAL DE CAJAMARCA,MUNICIPALIDAD PROVINCIAL DE CAJAMARCA,MUNICIPALIDAD PROVINCIAL DE CAJAMARCA,,2026-09-04 16:34:18
60,NOM-LA ARENA S.A.,LA ARENA S.A.,LA ARENA S.A.,,2026-09-04 16:34:18
61,NOM-CASTROVIRREYNA COMPANIA MINERA S.A. EN L,CASTROVIRREYNA COMPAÑIA MINERA S.A. EN LIQUIDACION,CASTROVIRREYNA COMPANIA MINERA S.A. EN LIQUIDACION,,2026-09-04 16:34:18
62,NOM-MUNICIPALIDAD DEL CENTRO POBLADO DE SANT,MUNICIPALIDAD DEL CENTRO POBLADO DE SANTA MARIA DE LA COLINA,MUNICIPALIDAD DEL CENTRO POBLADO DE SANTA MARIA DE LA COLINA,,2026-09-04 16:34:18
63,NOM-MUNICIPALIDAD DISTRITAL DE IRAZOLA,MUNICIPALIDAD DISTRITAL DE IRAZOLA,MUNICIPALIDAD DISTRITAL DE IRAZOLA,,2026-09-04 16:34:18
64,NOM-FRONTERA ENERGY DEL PERU S.A.EN LIQUIDAC,FRONTERA ENERGY DEL PERU S.A.EN LIQUIDACION,FRONTERA ENERGY DEL PERU S.A.EN LIQUIDACION,,2026-09-04 16:34:18
65,NOM-COMPANIA DE MINAS BUENAVENTURA S.A.A.,COMPAÑIA DE MINAS BUENAVENTURA S.A.A.,COMPANIA DE MINAS BUENAVENTURA S.A.A.,,2026-09-04 16:34:18
66,NOM-SOCIEDAD MINERA AUSTRIA DUVAZ S.A.C. EN ,SOCIEDAD MINERA AUSTRIA DUVAZ S.A.C. EN LIQUIDACION,SOCIEDAD MINERA AUSTRIA DUVAZ S.A.C. EN LIQUIDACION,,2026-09-04 16:34:18
67,NOM-MUNICIPALIDAD DISTRITAL DE SAYAN,MUNICIPALIDAD DISTRITAL DE SAYAN,MUNICIPALIDAD DISTRITAL DE SAYAN,,2026-09-04 16:34:18
68,NOM-MUNICIPALIDAD DISTRITAL DE EL ALTO,MUNICIPALIDAD DISTRITAL DE EL ALTO,MUNICIPALIDAD DISTRITAL DE EL ALTO,,2026-09-04 16:34:18
69,NOM-MUNICIPALIDAD PROVINCIAL MARISCAL NIETO,MUNICIPALIDAD PROVINCIAL MARISCAL NIETO,MUNICIPALIDAD PROVINCIAL MARISCAL NIETO,,2026-09-04 16:34:18
70,NOM-MUNICIPALIDAD DISTRITAL DE SAMEGUA;MUNIC,MUNICIPALIDAD DISTRITAL DE SAMEGUA;MUNICIPALIDAD PROVINCIAL MARISCAL NIETO,MUNICIPALIDAD DISTRITAL DE SAMEGUA;MUNICIPALIDAD PROVINCIAL MARISCAL NIETO,,2026-09-04 16:34:18
71,NOM-MUNICIPALIDAD DISTRITAL DE TORATA,MUNICIPALIDAD DISTRITAL DE TORATA,MUNICIPALIDAD DISTRITAL DE TORATA,,2026-09-04 16:34:18
72,NOM-MUNICIPALIDAD DISTRITAL DE SAN RAMON,MUNICIPALIDAD DISTRITAL DE SAN RAMON,MUNICIPALIDAD DISTRITAL DE SAN RAMON,,2026-09-04 16:34:18
73,NOM-MUNICIPALIDAD PROVINCIAL CHACHAPOYAS,MUNICIPALIDAD PROVINCIAL CHACHAPOYAS,MUNICIPALIDAD PROVINCIAL CHACHAPOYAS,,2026-09-04 16:34:18
74,NOM-MUNICIPALIDAD PROVINCIAL DE TACNA,MUNICIPALIDAD PROVINCIAL DE TACNA,MUNICIPALIDAD PROVINCIAL DE TACNA,,2026-09-04 16:34:18
75,NOM-MUNICIPALIDAD DISTRITAL DE IMPERIAL,MUNICIPALIDAD DISTRITAL DE IMPERIAL,MUNICIPALIDAD DISTRITAL DE IMPERIAL,,2026-09-04 16:34:18
76,NOM-MUNICIPALIDAD DISTRITAL DE ASIA,MUNICIPALIDAD DISTRITAL DE ASIA,MUNICIPALIDAD DISTRITAL DE ASIA,,2026-09-04 16:34:18
77,NOM-MUNICIPALIDAD DISTRITAL FUNDICION DE TIN,MUNICIPALIDAD DISTRITAL FUNDICION DE TINYAHUARCO,MUNICIPALIDAD DISTRITAL FUNDICION DE TINYAHUARCO,,2026-09-04 16:34:18
78,NOM-MUNICIPALIDAD PROVINCIAL DE CAMANA,MUNICIPALIDAD PROVINCIAL DE CAMANA,MUNICIPALIDAD PROVINCIAL DE CAMANA,,2026-09-04 16:34:18
79,NOM-MUNICIPALIDAD PROVINCIAL SAN MARTIN,MUNICIPALIDAD PROVINCIAL SAN MARTIN,MUNICIPALIDAD PROVINCIAL SAN MARTIN,,2026-09-04 16:34:18
80,NOM-MUNICIPALIDAD DISTRITAL DE CHALA,MUNICIPALIDAD DISTRITAL DE CHALA,MUNICIPALIDAD DISTRITAL DE CHALA,,2026-09-04 16:34:18
81,NOM-MUNICIPALIDAD DISTRITAL DE CURIMANA,MUNICIPALIDAD DISTRITAL DE CURIMANA,MUNICIPALIDAD DISTRITAL DE CURIMANA,,2026-09-04 16:34:18
82,NOM-MUNICIPALIDAD DISTRITAL DE MAZAN,MUNICIPALIDAD DISTRITAL DE MAZAN,MUNICIPALIDAD DISTRITAL DE MAZAN,,2026-09-04 16:34:18
83,NOM-MUNICIPALIDAD DISTRITAL DE QUERECOTILLO,MUNICIPALIDAD DISTRITAL DE QUERECOTILLO,MUNICIPALIDAD DISTRITAL DE QUERECOTILLO,,2026-09-04 16:34:18
84,NOM-MUNICIPALIDAD PROVINCIAL DE AMBO,MUNICIPALIDAD PROVINCIAL DE AMBO,MUNICIPALIDAD PROVINCIAL DE AMBO,,2026-09-04 16:34:18
85,NOM-MUNICIPALIDAD PROVINCIAL DE CHICLAYO,MUNICIPALIDAD PROVINCIAL DE CHICLAYO,MUNICIPALIDAD PROVINCIAL DE CHICLAYO,,2026-09-04 16:34:18
86,NOM-MUNICIPALIDAD PROVINCIAL DE LAMBAYEQUE,MUNICIPALIDAD PROVINCIAL DE LAMBAYEQUE,MUNICIPALIDAD PROVINCIAL DE LAMBAYEQUE,,2026-09-04 16:34:18
87,NOM-NOREX ENERGIA S.A.,NOREX ENERGIA S.A.,NOREX ENERGIA S.A.,,2026-09-04 16:34:18
88,NOM-MUNICIPALIDAD PROVINCIAL DEL CUSCO,MUNICIPALIDAD PROVINCIAL DEL CUSCO,MUNICIPALIDAD PROVINCIAL DEL CUSCO,,2026-09-04 16:34:18
89,NOM-MUNICIPALIDAD DISTRITAL SAPALLANGA,MUNICIPALIDAD DISTRITAL SAPALLANGA,MUNICIPALIDAD DISTRITAL SAPALLANGA,,2026-09-04 16:34:18
90,NOM-MUNICIPALIDAD PROVINCIAL DE CANETE,MUNICIPALIDAD PROVINCIAL DE CANETE,MUNICIPALIDAD PROVINCIAL DE CANETE,,2026-09-04 16:34:18
91,NOM-MUNICIPALIDAD DISTRITAL DE INDIANA;MUNIC,MUNICIPALIDAD DISTRITAL DE INDIANA;MUNICIPALIDAD DISTRITAL DE MAZAN,MUNICIPALIDAD DISTRITAL DE INDIANA;MUNICIPALIDAD DISTRITAL DE MAZAN,,2026-09-04 16:34:18
92,NOM-BRUNNER BIENESTAR ECOLOGICO S.A.C,BRUNNER BIENESTAR ECOLOGICO S.A.C,BRUNNER BIENESTAR ECOLOGICO S.A.C,,2026-09-04 16:34:18
93,NOM-MUNICIPALIDAD PROVINCIAL DE PIURA,MUNICIPALIDAD PROVINCIAL DE PIURA,MUNICIPALIDAD PROVINCIAL DE PIURA,,2026-09-04 16:34:18
94,NOM-MUNICIPALIDAD DISTRITAL DE YAVARI,MUNICIPALIDAD DISTRITAL DE YAVARI,MUNICIPALIDAD DISTRITAL DE YAVARI,,2026-09-04 16:34:18
95,NOM-MUNICIPALIDAD DISTRITAL DE EL PORVENIR;M,MUNICIPALIDAD DISTRITAL DE EL PORVENIR;MUNICIPALIDAD DISTRITAL DE FLORENCIA DE MORA;MUNICIPALIDAD DISTRITAL DE HUANCHACO;MUNICIPALIDAD DISTRITAL DE LA ESPERANZA;MUNICIPALIDAD DISTRITAL DE MOCHE;MUNICIPALIDAD DISTRITAL DE SALAVERRY;MUNICIPALIDAD DISTRITAL DE VICTOR LARCO HERRERA;MUNICIPALIDAD PROVINC,MUNICIPALIDAD DISTRITAL DE EL PORVENIR;MUNICIPALIDAD DISTRITAL DE FLORENCIA DE MORA;MUNICIPALIDAD DISTRITAL DE HUANCHACO;MUNICIPALIDAD DISTRITAL DE LA ESPERANZA;MUNICIPALIDAD DISTRITAL DE MOCHE;MUNICIPALIDAD DISTRITAL DE SALAVERRY;MUNICIPALIDAD DISTRITAL DE VICTOR LARCO HERRERA;MUNICIPALIDAD PROVINC,,2026-09-04 16:34:18
96,NOM-MUNICIPALIDAD DISTRITAL DE ATICO,MUNICIPALIDAD DISTRITAL DE ATICO,MUNICIPALIDAD DISTRITAL DE ATICO,,2026-09-04 16:34:18
97,NOM-MUNICIPALIDAD PROVINCIAL DE ICA,MUNICIPALIDAD PROVINCIAL DE ICA,MUNICIPALIDAD PROVINCIAL DE ICA,,2026-09-04 16:34:18
98,NOM-MUNICIPALIDAD DISTRITAL DE ACARI,MUNICIPALIDAD DISTRITAL DE ACARI,MUNICIPALIDAD DISTRITAL DE ACARI,,2026-09-04 16:34:18
99,NOM-MUNICIPALIDAD DISTRITAL DE INDEPENDENCIA,MUNICIPALIDAD DISTRITAL DE INDEPENDENCIA,MUNICIPALIDAD DISTRITAL DE INDEPENDENCIA,,2026-09-04 16:34:18
100,NOM-MUNICIPALIDAD PROVINCIAL DE SULLANA,MUNICIPALIDAD PROVINCIAL DE SULLANA,MUNICIPALIDAD PROVINCIAL DE SULLANA,,2026-09-04 16:34:18
101,NOM-MUNICIPALIDAD PROV.DE CORONEL PORTILLO,MUNICIPALIDAD PROV.DE CORONEL PORTILLO,MUNICIPALIDAD PROV.DE CORONEL PORTILLO,,2026-09-04 16:34:18
102,NOM-MUNICIPALIDAD DISTRITAL DE TABALOSOS,MUNICIPALIDAD DISTRITAL DE TABALOSOS,MUNICIPALIDAD DISTRITAL DE TABALOSOS,,2026-09-04 16:34:18
103,NOM-MUNICIPALIDAD DISTRITAL DE AGUAS VERDES;,MUNICIPALIDAD DISTRITAL DE AGUAS VERDES;MUNICIPALIDAD DISTRITAL DE PAPAYAL;MUNICIPALIDAD PROVINCIAL ZARUMILLA,MUNICIPALIDAD DISTRITAL DE AGUAS VERDES;MUNICIPALIDAD DISTRITAL DE PAPAYAL;MUNICIPALIDAD PROVINCIAL ZARUMILLA,,2026-09-04 16:34:18
104,NOM-MUNICIPALIDAD DISTRITAL DE PAUCARPATA,MUNICIPALIDAD DISTRITAL DE PAUCARPATA,MUNICIPALIDAD DISTRITAL DE PAUCARPATA,,2026-09-04 16:34:18
105,NOM-MUNICIPALIDAD DISTRITAL DE SANTA ROSA,MUNICIPALIDAD DISTRITAL DE SANTA ROSA,MUNICIPALIDAD DISTRITAL DE SANTA ROSA,,2026-09-04 16:34:18
