ID_RESULTADO,ID_CARGA,FECHA_CARGA,COD_INDICADOR,NOMBRE_INDICADOR,ANIO,ID_ORGANO,ID_MATERIA,METRICA,SUBGRANO,NUMERADOR,DENOMINADOR,VALOR,UNIDAD
140,20260904163415,2026-09-04 16:34:16,K4,Tasa de verificación post-multa,2026,26,-1,TASA_VERIF_POST_MC,,0.0,5.0,0.0,PORCENTAJE
141,20260904163415,2026-09-04 16:34:16,K4,Tasa de verificación post-multa,2026,29,-1,TASA_VERIF_POST_MC,,0.0,3.0,0.0,PORCENTAJE
142,20260904163415,2026-09-04 16:34:16,K4,Tasa de verificación post-multa,2026,30,-1,TASA_VERIF_POST_MC,,0.0,1.0,0.0,PORCENTAJE
143,20260904163415,2026-09-04 16:34:16,K4,Tasa de verificación post-multa,,-1,-1,TASA_VERIF_POST_MC,TOTAL,0.0,571.0,0.0,PORCENTAJE
144,20260904163415,2026-09-04 16:34:16,K5,Calidad del dato,,-1,-1,PCT_CONFORME,GLOBAL_MULTAS,571.0,573.0,99.651,PORCENTAJE
145,20260904163415,2026-09-04 16:34:16,K5,Calidad del dato,,-1,-1,PCT_CONFORME,R01_MULTAS,572.0,573.0,99.8255,PORCENTAJE
146,20260904163415,2026-09-04 16:34:16,K5,Calidad del dato,,-1,-1,PCT_CONFORME,R02_MULTAS,573.0,573.0,100.0,PORCENTAJE
147,20260904163415,2026-09-04 16:34:16,K5,Calidad del dato,,-1,-1,PCT_CONFORME,R03_MULTAS,573.0,573.0,100.0,PORCENTAJE
148,20260904163415,2026-09-04 16:34:16,K5,Calidad del dato,,-1,-1,PCT_CONFORME,R04_MULTAS,573.0,573.0,100.0,PORCENTAJE
149,20260904163415,2026-09-04 16:34:16,K5,Calidad del dato,,-1,-1,PCT_CONFORME,R05_MULTAS,573.0,573.0,100.0,PORCENTAJE
150,20260904163415,2026-09-04 16:34:16,K5,Calidad del dato,,-1,-1,PCT_AMARRE,COD_MA_vs_EXPEDIENTE_excel,0.0,30.0,0.0,PORCENTAJE
151,20260904163415,2026-09-04 16:34:16,K5,Calidad del dato,,-1,-1,PCT_AMARRE,COD_MA_vs_CUM_SISUD,0.0,30.0,0.0,PORCENTAJE
152,20260904163415,2026-09-04 16:34:16,K5,Calidad del dato,,-1,-1,PCT_AMARRE,CUM_SISUD_vs_GAPP,0.0,534.0,0.0,PORCENTAJE
1,20260904163415,2026-09-04 16:34:16,K1,Cobertura,2022,-1,-1,N_MULTAS,,1.0,1.0,1.0,REGISTROS
2,20260904163415,2026-09-04 16:34:16,K1,Cobertura,2022,23,-1,N_MULTAS,,35.0,35.0,35.0,REGISTROS
3,20260904163415,2026-09-04 16:34:16,K1,Cobertura,2023,-1,-1,N_MULTAS,,3.0,3.0,3.0,REGISTROS
4,20260904163415,2026-09-04 16:34:16,K1,Cobertura,2023,17,-1,N_MULTAS,,7.0,7.0,7.0,REGISTROS
5,20260904163415,2026-09-04 16:34:16,K1,Cobertura,2023,23,-1,N_MULTAS,,49.0,49.0,49.0,REGISTROS
6,20260904163415,2026-09-04 16:34:16,K1,Cobertura,2024,-1,-1,N_MULTAS,,1.0,1.0,1.0,REGISTROS
7,20260904163415,2026-09-04 16:34:16,K1,Cobertura,2024,11,-1,N_MULTAS,,3.0,3.0,3.0,REGISTROS
8,20260904163415,2026-09-04 16:34:16,K1,Cobertura,2024,23,-1,N_MULTAS,,133.0,133.0,133.0,REGISTROS
9,20260904163415,2026-09-04 16:34:16,K1,Cobertura,2025,4,-1,N_MULTAS,,3.0,3.0,3.0,REGISTROS
10,20260904163415,2026-09-04 16:34:16,K1,Cobertura,2025,9,-1,N_MULTAS,,4.0,4.0,4.0,REGISTROS
11,20260904163415,2026-09-04 16:34:16,K1,Cobertura,2025,17,-1,N_MULTAS,,2.0,2.0,2.0,REGISTROS
12,20260904163415,2026-09-04 16:34:16,K1,Cobertura,2025,19,-1,N_MULTAS,,8.0,8.0,8.0,REGISTROS
13,20260904163415,2026-09-04 16:34:16,K1,Cobertura,2025,20,-1,N_MULTAS,,8.0,8.0,8.0,REGISTROS
14,20260904163415,2026-09-04 16:34:16,K1,Cobertura,2025,21,-1,N_MULTAS,,36.0,36.0,36.0,REGISTROS
15,20260904163415,2026-09-04 16:34:16,K1,Cobertura,2025,22,-1,N_MULTAS,,86.0,86.0,86.0,REGISTROS
16,20260904163415,2026-09-04 16:34:16,K1,Cobertura,2025,23,-1,N_MULTAS,,45.0,45.0,45.0,REGISTROS
17,20260904163415,2026-09-04 16:34:16,K1,Cobertura,2025,27,-1,N_MULTAS,,4.0,4.0,4.0,REGISTROS
18,20260904163415,2026-09-04 16:34:16,K1,Cobertura,2025,28,-1,N_MULTAS,,10.0,10.0,10.0,REGISTROS
19,20260904163415,2026-09-04 16:34:16,K1,Cobertura,2025,30,-1,N_MULTAS,,5.0,5.0,5.0,REGISTROS
20,20260904163415,2026-09-04 16:34:16,K1,Cobertura,2026,1,-1,N_MULTAS,,3.0,3.0,3.0,REGISTROS
21,20260904163415,2026-09-04 16:34:16,K1,Cobertura,2026,3,-1,N_MULTAS,,1.0,1.0,1.0,REGISTROS
22,20260904163415,2026-09-04 16:34:16,K1,Cobertura,2026,5,-1,N_MULTAS,,2.0,2.0,2.0,REGISTROS
23,20260904163415,2026-09-04 16:34:16,K1,Cobertura,2026,17,-1,N_MULTAS,,7.0,7.0,7.0,REGISTROS
24,20260904163415,2026-09-04 16:34:16,K1,Cobertura,2026,18,-1,N_MULTAS,,7.0,7.0,7.0,REGISTROS
25,20260904163415,2026-09-04 16:34:16,K1,Cobertura,2026,21,-1,N_MULTAS,,29.0,29.0,29.0,REGISTROS
26,20260904163415,2026-09-04 16:34:16,K1,Cobertura,2026,22,-1,N_MULTAS,,37.0,37.0,37.0,REGISTROS
27,20260904163415,2026-09-04 16:34:16,K1,Cobertura,2026,23,-1,N_MULTAS,,28.0,28.0,28.0,REGISTROS
28,20260904163415,2026-09-04 16:34:16,K1,Cobertura,2026,24,-1,N_MULTAS,,2.0,2.0,2.0,REGISTROS
29,20260904163415,2026-09-04 16:34:16,K1,Cobertura,2026,25,-1,N_MULTAS,,3.0,3.0,3.0,REGISTROS
30,20260904163415,2026-09-04 16:34:16,K1,Cobertura,2026,26,-1,N_MULTAS,,5.0,5.0,5.0,REGISTROS
31,20260904163415,2026-09-04 16:34:16,K1,Cobertura,2026,29,-1,N_MULTAS,,3.0,3.0,3.0,REGISTROS
32,20260904163415,2026-09-04 16:34:16,K1,Cobertura,2026,30,-1,N_MULTAS,,1.0,1.0,1.0,REGISTROS
33,20260904163415,2026-09-04 16:34:16,K1,Cobertura,,-1,-1,N_MULTAS,,2.0,2.0,2.0,REGISTROS
34,20260904163415,2026-09-04 16:34:16,K1,Cobertura,,-1,-1,N_MULTAS,TOTAL,573.0,573.0,573.0,REGISTROS
35,20260904163415,2026-09-04 16:34:16,K2,Oportunidad del ciclo de multa,2023,17,-1,PROM_DIAS_NOTIF_FIRMA,,448.0,7.0,64.0,DIAS
36,20260904163415,2026-09-04 16:34:16,K2,Oportunidad del ciclo de multa,2024,11,-1,PROM_DIAS_NOTIF_FIRMA,,45.0,3.0,15.0,DIAS
37,20260904163415,2026-09-04 16:34:16,K2,Oportunidad del ciclo de multa,2025,4,-1,PROM_DIAS_NOTIF_FIRMA,,42.0,3.0,14.0,DIAS
38,20260904163415,2026-09-04 16:34:16,K2,Oportunidad del ciclo de multa,2025,9,-1,PROM_DIAS_NOTIF_FIRMA,,50.0,4.0,12.5,DIAS
39,20260904163415,2026-09-04 16:34:16,K2,Oportunidad del ciclo de multa,2025,17,-1,PROM_DIAS_NOTIF_FIRMA,,167.0,2.0,83.5,DIAS
40,20260904163415,2026-09-04 16:34:16,K2,Oportunidad del ciclo de multa,2026,1,-1,PROM_DIAS_NOTIF_FIRMA,,-3.0,3.0,-1.0,DIAS
41,20260904163415,2026-09-04 16:34:16,K2,Oportunidad del ciclo de multa,2026,3,-1,PROM_DIAS_NOTIF_FIRMA,,30.0,1.0,30.0,DIAS
42,20260904163415,2026-09-04 16:34:16,K2,Oportunidad del ciclo de multa,2026,5,-1,PROM_DIAS_NOTIF_FIRMA,,72.0,2.0,36.0,DIAS
43,20260904163415,2026-09-04 16:34:16,K2,Oportunidad del ciclo de multa,2026,17,-1,PROM_DIAS_NOTIF_FIRMA,,1308.0,7.0,186.8571,DIAS
44,20260904163415,2026-09-04 16:34:16,K2,Oportunidad del ciclo de multa,,-1,-1,PROM_DIAS_NOTIF_FIRMA,TOTAL,2159.0,32.0,67.4688,DIAS
45,20260904163415,2026-09-04 16:34:16,K3,Efectividad de cobranza,2022,-1,-1,RATIO_COBRANZA_SOLES,SOLES,0.0,0.0,,SOLES
46,20260904163415,2026-09-04 16:34:16,K3,Efectividad de cobranza,2022,-1,-1,RATIO_COBRANZA_UIT,UIT,0.0,0.0,,UIT
47,20260904163415,2026-09-04 16:34:16,K3,Efectividad de cobranza,2022,23,-1,RATIO_COBRANZA_SOLES,SOLES,0.0,0.0,,SOLES
48,20260904163415,2026-09-04 16:34:16,K3,Efectividad de cobranza,2022,23,-1,RATIO_COBRANZA_UIT,UIT,0.0,192.0,0.0,UIT
49,20260904163415,2026-09-04 16:34:16,K3,Efectividad de cobranza,2023,-1,-1,RATIO_COBRANZA_SOLES,SOLES,0.0,0.0,,SOLES
50,20260904163415,2026-09-04 16:34:16,K3,Efectividad de cobranza,2023,-1,-1,RATIO_COBRANZA_UIT,UIT,0.0,0.0,,UIT
51,20260904163415,2026-09-04 16:34:16,K3,Efectividad de cobranza,2023,17,-1,RATIO_COBRANZA_SOLES,SOLES,0.0,0.0,,SOLES
52,20260904163415,2026-09-04 16:34:16,K3,Efectividad de cobranza,2023,17,-1,RATIO_COBRANZA_UIT,UIT,0.0,0.0,,UIT
53,20260904163415,2026-09-04 16:34:16,K3,Efectividad de cobranza,2023,23,-1,RATIO_COBRANZA_SOLES,SOLES,0.0,0.0,,SOLES
54,20260904163415,2026-09-04 16:34:16,K3,Efectividad de cobranza,2023,23,-1,RATIO_COBRANZA_UIT,UIT,0.0,340.0,0.0,UIT
55,20260904163415,2026-09-04 16:34:16,K3,Efectividad de cobranza,2024,-1,-1,RATIO_COBRANZA_SOLES,SOLES,0.0,0.0,,SOLES
56,20260904163415,2026-09-04 16:34:16,K3,Efectividad de cobranza,2024,-1,-1,RATIO_COBRANZA_UIT,UIT,0.0,0.0,,UIT
57,20260904163415,2026-09-04 16:34:16,K3,Efectividad de cobranza,2024,11,-1,RATIO_COBRANZA_SOLES,SOLES,0.0,0.0,,SOLES
58,20260904163415,2026-09-04 16:34:16,K3,Efectividad de cobranza,2024,11,-1,RATIO_COBRANZA_UIT,UIT,0.0,0.0,,UIT
59,20260904163415,2026-09-04 16:34:16,K3,Efectividad de cobranza,2024,23,-1,RATIO_COBRANZA_SOLES,SOLES,0.0,0.0,,SOLES
60,20260904163415,2026-09-04 16:34:16,K3,Efectividad de cobranza,2024,23,-1,RATIO_COBRANZA_UIT,UIT,0.0,889.0,0.0,UIT
61,20260904163415,2026-09-04 16:34:16,K3,Efectividad de cobranza,2025,4,-1,RATIO_COBRANZA_SOLES,SOLES,0.0,0.0,,SOLES
62,20260904163415,2026-09-04 16:34:16,K3,Efectividad de cobranza,2025,4,-1,RATIO_COBRANZA_UIT,UIT,0.0,0.0,,UIT
63,20260904163415,2026-09-04 16:34:16,K3,Efectividad de cobranza,2025,9,-1,RATIO_COBRANZA_SOLES,SOLES,0.0,0.0,,SOLES
64,20260904163415,2026-09-04 16:34:16,K3,Efectividad de cobranza,2025,9,-1,RATIO_COBRANZA_UIT,UIT,0.0,0.0,,UIT
65,20260904163415,2026-09-04 16:34:16,K3,Efectividad de cobranza,2025,17,-1,RATIO_COBRANZA_SOLES,SOLES,0.0,0.0,,SOLES
66,20260904163415,2026-09-04 16:34:16,K3,Efectividad de cobranza,2025,17,-1,RATIO_COBRANZA_UIT,UIT,0.0,0.0,,UIT
67,20260904163415,2026-09-04 16:34:16,K3,Efectividad de cobranza,2025,19,-1,RATIO_COBRANZA_SOLES,SOLES,0.0,0.0,,SOLES
68,20260904163415,2026-09-04 16:34:16,K3,Efectividad de cobranza,2025,19,-1,RATIO_COBRANZA_UIT,UIT,0.0,240.0,0.0,UIT
69,20260904163415,2026-09-04 16:34:16,K3,Efectividad de cobranza,2025,20,-1,RATIO_COBRANZA_SOLES,SOLES,0.0,0.0,,SOLES
70,20260904163415,2026-09-04 16:34:16,K3,Efectividad de cobranza,2025,20,-1,RATIO_COBRANZA_UIT,UIT,0.0,74.0,0.0,UIT
71,20260904163415,2026-09-04 16:34:16,K3,Efectividad de cobranza,2025,21,-1,RATIO_COBRANZA_SOLES,SOLES,0.0,0.0,,SOLES
72,20260904163415,2026-09-04 16:34:16,K3,Efectividad de cobranza,2025,21,-1,RATIO_COBRANZA_UIT,UIT,0.0,839.0,0.0,UIT
73,20260904163415,2026-09-04 16:34:16,K3,Efectividad de cobranza,2025,22,-1,RATIO_COBRANZA_SOLES,SOLES,0.0,0.0,,SOLES
74,20260904163415,2026-09-04 16:34:16,K3,Efectividad de cobranza,2025,22,-1,RATIO_COBRANZA_UIT,UIT,0.0,4976.0,0.0,UIT
75,20260904163415,2026-09-04 16:34:16,K3,Efectividad de cobranza,2025,23,-1,RATIO_COBRANZA_SOLES,SOLES,0.0,0.0,,SOLES
76,20260904163415,2026-09-04 16:34:16,K3,Efectividad de cobranza,2025,23,-1,RATIO_COBRANZA_UIT,UIT,0.0,123.0,0.0,UIT
77,20260904163415,2026-09-04 16:34:16,K3,Efectividad de cobranza,2025,27,-1,RATIO_COBRANZA_SOLES,SOLES,0.0,0.0,,SOLES
78,20260904163415,2026-09-04 16:34:16,K3,Efectividad de cobranza,2025,27,-1,RATIO_COBRANZA_UIT,UIT,0.0,6.0,0.0,UIT
79,20260904163415,2026-09-04 16:34:16,K3,Efectividad de cobranza,2025,28,-1,RATIO_COBRANZA_SOLES,SOLES,0.0,0.0,,SOLES
80,20260904163415,2026-09-04 16:34:16,K3,Efectividad de cobranza,2025,28,-1,RATIO_COBRANZA_UIT,UIT,0.0,10.0,0.0,UIT
81,20260904163415,2026-09-04 16:34:16,K3,Efectividad de cobranza,2025,30,-1,RATIO_COBRANZA_SOLES,SOLES,0.0,0.0,,SOLES
82,20260904163415,2026-09-04 16:34:16,K3,Efectividad de cobranza,2025,30,-1,RATIO_COBRANZA_UIT,UIT,0.0,8.0,0.0,UIT
83,20260904163415,2026-09-04 16:34:16,K3,Efectividad de cobranza,2026,1,-1,RATIO_COBRANZA_SOLES,SOLES,0.0,0.0,,SOLES
84,20260904163415,2026-09-04 16:34:16,K3,Efectividad de cobranza,2026,1,-1,RATIO_COBRANZA_UIT,UIT,0.0,0.0,,UIT
85,20260904163415,2026-09-04 16:34:16,K3,Efectividad de cobranza,2026,3,-1,RATIO_COBRANZA_SOLES,SOLES,0.0,0.0,,SOLES
86,20260904163415,2026-09-04 16:34:16,K3,Efectividad de cobranza,2026,3,-1,RATIO_COBRANZA_UIT,UIT,0.0,0.0,,UIT
87,20260904163415,2026-09-04 16:34:16,K3,Efectividad de cobranza,2026,5,-1,RATIO_COBRANZA_SOLES,SOLES,0.0,0.0,,SOLES
88,20260904163415,2026-09-04 16:34:16,K3,Efectividad de cobranza,2026,5,-1,RATIO_COBRANZA_UIT,UIT,0.0,0.0,,UIT
89,20260904163415,2026-09-04 16:34:16,K3,Efectividad de cobranza,2026,17,-1,RATIO_COBRANZA_SOLES,SOLES,0.0,0.0,,SOLES
90,20260904163415,2026-09-04 16:34:16,K3,Efectividad de cobranza,2026,17,-1,RATIO_COBRANZA_UIT,UIT,0.0,0.0,,UIT
91,20260904163415,2026-09-04 16:34:16,K3,Efectividad de cobranza,2026,18,-1,RATIO_COBRANZA_SOLES,SOLES,0.0,0.0,,SOLES
92,20260904163415,2026-09-04 16:34:16,K3,Efectividad de cobranza,2026,18,-1,RATIO_COBRANZA_UIT,UIT,0.0,33.0,0.0,UIT
93,20260904163415,2026-09-04 16:34:16,K3,Efectividad de cobranza,2026,21,-1,RATIO_COBRANZA_SOLES,SOLES,0.0,0.0,,SOLES
94,20260904163415,2026-09-04 16:34:16,K3,Efectividad de cobranza,2026,21,-1,RATIO_COBRANZA_UIT,UIT,0.0,940.0,0.0,UIT
95,20260904163415,2026-09-04 16:34:16,K3,Efectividad de cobranza,2026,22,-1,RATIO_COBRANZA_SOLES,SOLES,0.0,0.0,,SOLES
96,20260904163415,2026-09-04 16:34:16,K3,Efectividad de cobranza,2026,22,-1,RATIO_COBRANZA_UIT,UIT,0.0,2326.0,0.0,UIT
97,20260904163415,2026-09-04 16:34:16,K3,Efectividad de cobranza,2026,23,-1,RATIO_COBRANZA_SOLES,SOLES,0.0,0.0,,SOLES
98,20260904163415,2026-09-04 16:34:16,K3,Efectividad de cobranza,2026,23,-1,RATIO_COBRANZA_UIT,UIT,0.0,273.0,0.0,UIT
99,20260904163415,2026-09-04 16:34:16,K3,Efectividad de cobranza,2026,24,-1,RATIO_COBRANZA_SOLES,SOLES,0.0,0.0,,SOLES
100,20260904163415,2026-09-04 16:34:16,K3,Efectividad de cobranza,2026,24,-1,RATIO_COBRANZA_UIT,UIT,0.0,6.0,0.0,UIT
101,20260904163415,2026-09-04 16:34:16,K3,Efectividad de cobranza,2026,25,-1,RATIO_COBRANZA_SOLES,SOLES,0.0,0.0,,SOLES
102,20260904163415,2026-09-04 16:34:16,K3,Efectividad de cobranza,2026,25,-1,RATIO_COBRANZA_UIT,UIT,0.0,3.0,0.0,UIT
103,20260904163415,2026-09-04 16:34:16,K3,Efectividad de cobranza,2026,26,-1,RATIO_COBRANZA_SOLES,SOLES,0.0,0.0,,SOLES
104,20260904163415,2026-09-04 16:34:16,K3,Efectividad de cobranza,2026,26,-1,RATIO_COBRANZA_UIT,UIT,0.0,19.0,0.0,UIT
105,20260904163415,2026-09-04 16:34:16,K3,Efectividad de cobranza,2026,29,-1,RATIO_COBRANZA_SOLES,SOLES,0.0,0.0,,SOLES
106,20260904163415,2026-09-04 16:34:16,K3,Efectividad de cobranza,2026,29,-1,RATIO_COBRANZA_UIT,UIT,0.0,18.0,0.0,UIT
107,20260904163415,2026-09-04 16:34:16,K3,Efectividad de cobranza,2026,30,-1,RATIO_COBRANZA_SOLES,SOLES,0.0,0.0,,SOLES
108,20260904163415,2026-09-04 16:34:16,K3,Efectividad de cobranza,2026,30,-1,RATIO_COBRANZA_UIT,UIT,0.0,3.0,0.0,UIT
109,20260904163415,2026-09-04 16:34:16,K3,Efectividad de cobranza,,-1,-1,RATIO_COBRANZA_SOLES,TOTAL,0.0,0.0,,SOLES
110,20260904163415,2026-09-04 16:34:16,K3,Efectividad de cobranza,,-1,-1,RATIO_COBRANZA_UIT,TOTAL,0.0,11318.0,0.0,UIT
111,20260904163415,2026-09-04 16:34:16,K4,Tasa de verificación post-multa,2022,-1,-1,TASA_VERIF_POST_MC,,0.0,1.0,0.0,PORCENTAJE
112,20260904163415,2026-09-04 16:34:16,K4,Tasa de verificación post-multa,2022,23,-1,TASA_VERIF_POST_MC,,0.0,35.0,0.0,PORCENTAJE
113,20260904163415,2026-09-04 16:34:16,K4,Tasa de verificación post-multa,2023,-1,-1,TASA_VERIF_POST_MC,,0.0,3.0,0.0,PORCENTAJE
114,20260904163415,2026-09-04 16:34:16,K4,Tasa de verificación post-multa,2023,17,-1,TASA_VERIF_POST_MC,,0.0,7.0,0.0,PORCENTAJE
115,20260904163415,2026-09-04 16:34:16,K4,Tasa de verificación post-multa,2023,23,-1,TASA_VERIF_POST_MC,,0.0,49.0,0.0,PORCENTAJE
116,20260904163415,2026-09-04 16:34:16,K4,Tasa de verificación post-multa,2024,-1,-1,TASA_VERIF_POST_MC,,0.0,1.0,0.0,PORCENTAJE
117,20260904163415,2026-09-04 16:34:16,K4,Tasa de verificación post-multa,2024,11,-1,TASA_VERIF_POST_MC,,0.0,3.0,0.0,PORCENTAJE
118,20260904163415,2026-09-04 16:34:16,K4,Tasa de verificación post-multa,2024,23,-1,TASA_VERIF_POST_MC,,0.0,133.0,0.0,PORCENTAJE
119,20260904163415,2026-09-04 16:34:16,K4,Tasa de verificación post-multa,2025,4,-1,TASA_VERIF_POST_MC,,0.0,3.0,0.0,PORCENTAJE
120,20260904163415,2026-09-04 16:34:16,K4,Tasa de verificación post-multa,2025,9,-1,TASA_VERIF_POST_MC,,0.0,4.0,0.0,PORCENTAJE
121,20260904163415,2026-09-04 16:34:16,K4,Tasa de verificación post-multa,2025,17,-1,TASA_VERIF_POST_MC,,0.0,2.0,0.0,PORCENTAJE
122,20260904163415,2026-09-04 16:34:16,K4,Tasa de verificación post-multa,2025,19,-1,TASA_VERIF_POST_MC,,0.0,8.0,0.0,PORCENTAJE
123,20260904163415,2026-09-04 16:34:16,K4,Tasa de verificación post-multa,2025,20,-1,TASA_VERIF_POST_MC,,0.0,8.0,0.0,PORCENTAJE
124,20260904163415,2026-09-04 16:34:16,K4,Tasa de verificación post-multa,2025,21,-1,TASA_VERIF_POST_MC,,0.0,36.0,0.0,PORCENTAJE
125,20260904163415,2026-09-04 16:34:16,K4,Tasa de verificación post-multa,2025,22,-1,TASA_VERIF_POST_MC,,0.0,86.0,0.0,PORCENTAJE
126,20260904163415,2026-09-04 16:34:16,K4,Tasa de verificación post-multa,2025,23,-1,TASA_VERIF_POST_MC,,0.0,45.0,0.0,PORCENTAJE
127,20260904163415,2026-09-04 16:34:16,K4,Tasa de verificación post-multa,2025,27,-1,TASA_VERIF_POST_MC,,0.0,4.0,0.0,PORCENTAJE
128,20260904163415,2026-09-04 16:34:16,K4,Tasa de verificación post-multa,2025,28,-1,TASA_VERIF_POST_MC,,0.0,10.0,0.0,PORCENTAJE
129,20260904163415,2026-09-04 16:34:16,K4,Tasa de verificación post-multa,2025,30,-1,TASA_VERIF_POST_MC,,0.0,5.0,0.0,PORCENTAJE
130,20260904163415,2026-09-04 16:34:16,K4,Tasa de verificación post-multa,2026,1,-1,TASA_VERIF_POST_MC,,0.0,3.0,0.0,PORCENTAJE
131,20260904163415,2026-09-04 16:34:16,K4,Tasa de verificación post-multa,2026,3,-1,TASA_VERIF_POST_MC,,0.0,1.0,0.0,PORCENTAJE
132,20260904163415,2026-09-04 16:34:16,K4,Tasa de verificación post-multa,2026,5,-1,TASA_VERIF_POST_MC,,0.0,2.0,0.0,PORCENTAJE
133,20260904163415,2026-09-04 16:34:16,K4,Tasa de verificación post-multa,2026,17,-1,TASA_VERIF_POST_MC,,0.0,7.0,0.0,PORCENTAJE
134,20260904163415,2026-09-04 16:34:16,K4,Tasa de verificación post-multa,2026,18,-1,TASA_VERIF_POST_MC,,0.0,7.0,0.0,PORCENTAJE
135,20260904163415,2026-09-04 16:34:16,K4,Tasa de verificación post-multa,2026,21,-1,TASA_VERIF_POST_MC,,0.0,29.0,0.0,PORCENTAJE
136,20260904163415,2026-09-04 16:34:16,K4,Tasa de verificación post-multa,2026,22,-1,TASA_VERIF_POST_MC,,0.0,37.0,0.0,PORCENTAJE
137,20260904163415,2026-09-04 16:34:16,K4,Tasa de verificación post-multa,2026,23,-1,TASA_VERIF_POST_MC,,0.0,28.0,0.0,PORCENTAJE
138,20260904163415,2026-09-04 16:34:16,K4,Tasa de verificación post-multa,2026,24,-1,TASA_VERIF_POST_MC,,0.0,2.0,0.0,PORCENTAJE
139,20260904163415,2026-09-04 16:34:16,K4,Tasa de verificación post-multa,2026,25,-1,TASA_VERIF_POST_MC,,0.0,3.0,0.0,PORCENTAJE
